{
    "accuracy": 0.9011851451872679,
    "macro_precision": 0.8849949052273023,
    "macro_recall": 0.8727281855200243,
    "macro_f1": 0.8785911053696155,
    "weighted_precision": 0.9010960083044487,
    "weighted_recall": 0.9011851451872679,
    "weighted_f1": 0.9010465095185876
}